{
  "title": "BCM v17 Brucetron Growth Bound",
  "author": "Stephen Justin Burdick Sr. -- Emerald Entities LLC",
  "purpose": "Phase residue accumulation rate and mission time limit derivation",
  "grid": 256,
  "steps": 5000,
  "growth_analysis": {
    "linear_rate": 0.00020628,
    "power_exponent": 0.0727,
    "growth_class": "SUBLINEAR (saturating)",
    "debt_rate_per_step": 3.770083,
    "total_debt": 18763.9787
  },
  "mission_limits": {
    "discomfort": {
      "threshold": 37527.96,
      "steps": 9954.0,
      "seconds": 0.0,
      "hours": 0.0
    },
    "impairment": {
      "threshold": 93819.89,
      "steps": 24885.0,
      "seconds": 0.0,
      "hours": 0.0
    },
    "danger": {
      "threshold": 187639.79,
      "steps": 49771.0,
      "seconds": 0.0,
      "hours": 0.0
    },
    "hemorrhage": {
      "threshold": 938198.94,
      "steps": 248854.0,
      "seconds": 0.0,
      "hours": 0.0
    }
  },
  "cmb_dt": 1.2484394506866416e-13,
  "timeseries_sampled": {
    "brucetron_energy": [
      0.0,
      0.479856,
      1.140108,
      1.863695,
      1.88833,
      2.986355,
      8.737213,
      7.791225,
      8.302775,
      6.382679,
      4.520185,
      9.510338,
      6.912537,
      5.719241,
      4.85868,
      5.568238,
      10.020435,
      9.473323,
      8.0833,
      7.970542,
      8.002467,
      10.487755,
      7.198128,
      4.15267,
      3.652481,
      4.262214,
      10.400815,
      8.949262,
      8.055365,
      7.908449,
      7.387643,
      12.52712,
      9.574456,
      6.776473,
      4.464164,
      4.597448,
      7.379145,
      6.963133,
      5.178648,
      6.011323,
      7.309152,
      11.964211,
      9.767241,
      5.496218,
      4.880145,
      6.051813,
      10.675167,
      9.815363,
      8.773746,
      5.713458,
      3.826536,
      6.14452,
      6.10211,
      5.714748,
      6.084439,
      6.9221,
      11.521158,
      9.99573,
      9.730198,
      9.547553,
      8.897506,
      11.488722,
      9.126778,
      5.772784,
      4.68428,
      5.113799,
      10.171112,
      9.789713,
      8.597427,
      8.685508,
      7.82624,
      12.745385,
      9.964651,
      8.640585,
      7.594723,
      7.156993,
      7.772578,
      6.559067,
      5.863289,
      6.498096,
      6.971867,
      12.30446,
      9.455252,
      7.819323,
      7.741552,
      8.876858,
      14.64695,
      12.344282,
      10.111157,
      6.712786,
      5.847866,
      10.299761,
      8.574815,
      8.181331,
      7.958149,
      7.625904,
      12.650223,
      10.804502,
      8.413999,
      7.855003,
      8.524432,
      13.324475,
      10.154229,
      9.914247,
      8.216197,
      7.28894,
      12.118801,
      9.362335,
      7.703317,
      5.809724,
      6.009214,
      9.685493,
      8.688085,
      7.756218,
      7.893872,
      8.495905,
      13.263208,
      10.611831,
      8.144344,
      6.773502,
      4.477282,
      8.633578,
      7.459436,
      6.782939,
      7.490408,
      8.048498,
      13.79011,
      11.731321,
      9.720313,
      7.79225,
      7.827229,
      11.918301,
      10.069531,
      5.605546,
      4.356834,
      5.734778,
      11.179708,
      9.201587,
      7.720918,
      7.684696,
      7.437243,
      12.796679,
      10.876001,
      9.147859,
      8.969079,
      8.885975,
      13.239272,
      9.99632,
      9.348863,
      6.122234,
      5.388425,
      10.305561,
      8.504637,
      8.24058,
      7.000651,
      7.30919,
      7.790103,
      6.433347,
      5.91887,
      6.264238,
      5.359598,
      7.208264,
      6.793367,
      6.86123,
      7.464393,
      7.583672,
      12.921001,
      11.191009,
      9.767077,
      9.283277,
      10.183272,
      15.136826,
      13.215871,
      9.719967,
      6.347334,
      7.000202,
      11.614358,
      9.106405,
      7.550819,
      6.004185,
      8.08598,
      13.127947,
      9.792576,
      9.721367,
      8.393868,
      8.888928,
      14.305647,
      10.457504,
      9.177674,
      9.782154,
      8.55747,
      11.004815,
      9.835242,
      8.046505,
      7.678471,
      9.060382,
      14.177192,
      10.328189,
      9.1686,
      9.231769,
      8.869388,
      13.20294,
      10.154444,
      8.881691,
      7.979235,
      8.272524,
      14.354177,
      11.316582,
      8.904179,
      8.594192,
      6.885296,
      11.06397,
      9.339448,
      8.605688,
      9.029305,
      9.189001,
      13.754754,
      10.792497,
      9.302136,
      8.512845,
      8.600196,
      13.415315,
      8.636765,
      5.44238,
      5.06095,
      8.713415,
      14.964014,
      11.148198,
      10.715895,
      10.08843,
      10.242075,
      14.776948,
      10.993962,
      8.95576,
      6.874621,
      6.928329,
      10.929511,
      11.111084,
      8.088977,
      7.791235,
      6.874618,
      12.603872,
      10.027706,
      8.731885,
      7.749188,
      8.343011,
      13.202836,
      11.104055,
      9.477065,
      8.552644,
      8.071923,
      12.680373,
      10.435859,
      7.735723,
      4.926036,
      5.670539,
      10.21622,
      9.19435,
      9.24233,
      8.963138,
      9.366098,
      15.113992,
      10.68404,
      10.129636,
      8.434036,
      7.918214,
      13.047026,
      11.295807,
      9.084388,
      8.282563,
      6.981134,
      13.105547,
      11.67081,
      9.738867,
      9.812175,
      10.441948,
      13.50322,
      10.583401,
      10.349782,
      10.074204,
      9.508987,
      9.279697,
      7.810975,
      7.398959,
      7.288502,
      8.702581,
      14.774935,
      12.327773,
      9.717984,
      9.776899,
      10.416258,
      15.500488,
      11.20309,
      9.430993,
      8.758634,
      8.706735,
      13.804892,
      10.591923,
      6.896153,
      5.650378,
      6.32827,
      10.096927,
      9.626864,
      8.840951,
      9.333989,
      9.163583,
      14.41252,
      11.986496,
      10.9313,
      10.27659,
      10.177793,
      11.547568,
      7.73676,
      6.202569,
      6.263525,
      6.512775,
      10.911166,
      8.765237,
      7.759195,
      7.478926,
      7.376424,
      12.699902,
      9.950994,
      8.253665,
      8.386133,
      8.082189,
      12.314914,
      9.83358,
      7.332101,
      5.477433,
      5.924978,
      10.98016,
      9.961371,
      9.156258,
      9.045429,
      9.421464,
      14.051551,
      10.494302,
      9.164821,
      8.893699,
      8.726876,
      13.385262,
      11.374102,
      8.001417,
      5.824741,
      5.488941,
      10.33174,
      10.440141,
      9.788307,
      11.695734,
      11.221523,
      16.264389,
      13.04412,
      6.527608,
      5.761686,
      6.577974,
      11.635429,
      8.200409,
      7.457994,
      7.40357,
      7.400504,
      12.010876,
      9.753268,
      8.355426,
      9.636156,
      10.238585,
      14.079249,
      11.726011,
      9.280696,
      6.394614,
      6.066953,
      10.109963,
      9.09757,
      9.015569,
      8.680503,
      8.933654,
      13.050123,
      10.262117,
      8.696092,
      8.570248,
      8.158644,
      12.750398,
      10.896794,
      9.148927,
      5.415471,
      5.818098,
      8.990517,
      8.591722,
      7.13979,
      7.520585,
      7.429298,
      11.875044,
      10.494423,
      9.03684,
      7.218846,
      7.316695,
      11.433691,
      9.42641,
      6.501477,
      6.230097,
      6.689618,
      7.137288,
      5.40958,
      5.080032,
      5.910149,
      5.310231,
      8.550656,
      7.628687,
      6.690582,
      4.557085,
      4.146992,
      7.123422,
      6.515975,
      4.447161,
      5.209274,
      5.744946,
      11.184351,
      9.683704,
      9.342538,
      7.937235,
      8.553602,
      12.416881,
      8.864857,
      5.30667,
      5.024689,
      6.347307,
      12.088353,
      10.572907,
      10.792615,
      9.520577,
      9.964742,
      14.152618,
