{
  "title": "BCM v12 Saddle Field Navigation Test",
  "author": "Stephen Justin Burdick Sr. -- Emerald Entities LLC",
  "test_design": "ChatGPT + Gemini advisory",
  "grid": 128,
  "steps": 3000,
  "results": [
    {
      "label": "WELL",
      "initial_pos": [
        34.0,
        64.0
      ],
      "final_pos": [
        58.38234174627517,
        63.99999960634669
      ],
      "displacement": [
        24.382341746275173,
        -3.936533090609373e-07
      ],
      "total_distance": 24.382341746275177,
      "mean_speed": 0.00812955671266007,
      "final_speed": 0.0053917480816210225,
      "steps": 3000,
      "trajectory_x": [
        34.001801165007635,
        34.09716258986968,
        34.203157365821845,
        34.32016051610664,
        34.448581860533196,
        34.588866159767846,
        34.74149294853893,
        34.90697592931607,
        35.08586177010085,
        35.2787281270035,
        35.486180696724986,
        35.708849096658525,
        35.94738137095397,
        36.20243692951839,
        36.47467774425333,
        36.76475765450959,
        37.07330967426379,
        37.40093124983435,
        37.748167491916554,
        38.115492501445615,
        38.50328902596519,
        38.9118268202918,
        39.34124023799469,
        39.791505740885235,
        40.262420171091684,
        40.753580769781614,
        41.26436803099927,
        41.79393253007214,
        42.34118684621511,
        42.90480359446769,
        43.48322038542092,
        44.07465224368843,
        44.67711164972526,
        45.28843594739854,
        45.90632141437268,
        46.52836286321822,
        47.1520972695129,
        47.77504964694795,
        48.394779237620334,
        49.00892407418854,
        49.615242099816,
        50.21164728678258,
        50.796239547229064,
        51.36732764286285,
        51.92344473427269,
        52.46335662629535,
        52.98606313145424,
        53.49079326592031,
        53.976995199292006,
        54.44432199844386,
        54.89261424293624,
        55.32188055731698,
        55.732277019907634,
        56.124086285293515,
        56.497697114830686,
        56.853584859983314,
        57.192293298231945,
        57.514418088548226,
        57.820591997949066,
        58.11147195482148
      ],
      "trajectory_y": [
        64.00000000000001,
        64.0,
        64.0,
        64.0,
        64.0,
        64.0,
        64.00000000000001,
        64.0,
        64.0,
        64.0,
        64.0,
        64.0,
        64.0,
        64.0,
        63.99999999999998,
        63.999999999999915,
        63.99999999999977,
        63.999999999999396,
        63.99999999999842,
        63.99999999999625,
        63.999999999991566,
        63.999999999982045,
        63.99999999996363,
        63.99999999992969,
        63.99999999986974,
        63.99999999976805,
        63.99999999960177,
        63.999999999339025,
        63.99999999893696,
        63.99999999833994,
        63.999999997478106,
        63.999999996266666,
        63.999999994605886,
        63.99999999238255,
        63.99999998947224,
        63.999999985743216,
        63.999999981061194,
        63.99999997529525,
        63.99999996832435,
        63.999999960043915,
        63.999999950372306,
        63.99999993925664,
        63.99999992667753,
        63.9999999126522,
        63.99999989723621,
        63.99999988052336,
        63.99999986264392,
        63.99999984376116,
        63.999999824066784,
        63.9999998037752,
        63.99999978311703,
        63.99999976233252,
        63.99999974166468,
        63.9999997213529,
        63.99999970162697,
        63.99999968270192,
        63.99999966477367,
        63.99999964801559,
        63.99999963257609,
        63.99999961857699
      ],
      "test": "Single Gaussian well",
      "well_center": [
        64,
        64
      ],
      "approached_well": true,
      "dist_to_well_start": 30.0,
      "dist_to_well_end": 5.617658253724841
    },
    {
      "label": "SADDLE",
      "initial_pos": [
        64.0,
        64.0
      ],
      "final_pos": [
        46.0998867692355,
        63.99999938575897
      ],
      "displacement": [
        -17.900113230764497,
        -6.142410313714208e-07
      ],
      "total_distance": 17.900113230764507,
      "mean_speed": 0.005968569015980716,
      "final_speed": 0.01041209703940639,
      "steps": 3000,
      "trajectory_x": [
        63.99962524816166,
        63.97964457606491,
        63.95712505625095,
        63.9319020725027,
        63.903791333780184,
        63.87258731319009,
        63.83806157001802,
        63.799960965126814,
        63.75800578482771,
        63.71188779418923,
        63.66126824775012,
        63.605775893832146,
        63.54500501814437,
        63.47851358313432,
        63.40582153149994,
        63.326409335271755,
        63.23971688563198,
        63.14514283274273,
        63.04204449872177,
        62.92973849975605,
        62.80750222418655,
        62.674576321024865,
        62.530168356346806,
        62.373457791755584,
        62.20360242790068,
        62.0197464351589,
        61.82103006144072,
        61.606601062412615,
        61.375627841509036,
        61.12731421603075,
        60.86091564253173,
        60.575756642015726,
        60.27124906706309,
        59.946910754242595,
        59.60238401274064,
        59.23745332180709,
        58.85206155361167,
        58.44632401241975,
        58.020539592480105,
        57.575198410425514,
        57.110985365097626,
        56.62877921664027,
        56.12964695161703,
        55.61483340210857,
        55.085746301357865,
        54.54393717159083,
        53.99107863556674,
        53.42893890763154,
        52.85935434055995,
        52.28420097312541,
        51.70536603662086,
        51.12472033781637,
        50.544092346913935,
        49.9652446913819,
        49.389853601928955,
        48.81949168811775,
        48.25561425069097,
        47.69954917660581,
        47.152490319810745,
        46.615494152037456
      ],
      "trajectory_y": [
        64.0,
        63.999999999999986,
        64.0,
        64.0,
        63.999999999999986,
        64.0,
        64.00000000000001,
        63.99999999999999,
        64.0,
        64.0,
        64.0,
        64.0,
        64.0,
        64.0,
        63.99999999999999,
        63.99999999999995,
        63.999999999999794,
        63.99999999999947,
        63.99999999999864,
        63.99999999999675,
        63.99999999999267,
        63.99999999998437,
        63.99999999996833,
        63.99999999993863,
        63.99999999988594,
        63.999999999795975,
        63.9999999996477,
        63.999999999411266,
        63.99999999904566,
        63.999999998496136,
        63.99999999769195,
        63.99999999654424,
        63.99999999494435,
        63.999999992763186,
        63.99999998985142,
        63.999999986041125,
        63.99999998114877,
        63.99999997497952,
        63.99999996733351,
        63.999999958012694,
        63.99999994682925,
        63.99999993361431,
        63.99999991822692,
        63.99999990056258,
        63.999999880561035,
        63.99999985821258,
        63.99999983356243,
        63.999999806713255,
        63.99999977782534,
        63.999999747114245,
        63.99999971484639,
        63.99999968133271,
        63.99999964692044,
        63.999999611983945,
        63.99999957691443,
        63.9999995421098,
        63.999999507964304,
        63.999999474858924,
        63.99999944315281,
        63.99999941317559
      ],
      "test": "Two-well saddle",
      "well_A": [
        32,
        64
      ],
      "well_B": [
        96,
        64
      ],
      "drifted_toward": "A (deeper)",
      "dist_A": 14.099886769235516,
      "dist_B": 49.900113230764504
    },
    {
      "label": "DIAG",
      "initial_pos": [
        30.0,
        30.0
      ],