{
  "title": "BCM v12 Lambda Drift Kill Test",
  "author": "Stephen Justin Burdick Sr. -- Emerald Entities LLC",
  "test_design": "ChatGPT advisory",
  "grid": 128,
  "steps": 2000,
  "dt": 0.05,
  "D": 0.5,
  "base_lam": 0.1,
  "delta_lam": 0.1,
  "spread": 10.0,
  "run_A": {
    "label": "Lambda gradient active",
    "displacement": [
      36.043397847856596,
      -4.14598915199349e-07
    ],
    "total_distance": 36.043397847856596,
    "mean_speed": 0.018025511398386217,
    "final_speed": 0.02051594577076814,
    "final_coherence": 0.4393973499904558,
    "energy_ratio": 7.720391594786914e-10,
    "steps_completed": 2000
  },
  "run_B": {
    "label": "Constant lambda (control)",
    "displacement": [
      -4.235386725781609e-07,
      -4.235386725781609e-07
    ],
    "total_distance": 5.989741349495328e-07,
    "mean_speed": 2.996415698939244e-10,
    "final_speed": 3.6643395594924518e-09,
    "final_coherence": 0.32718957452216546,
    "energy_ratio": 3.923117975904331e-10,
    "steps_completed": 2000
  },
  "divergence": {
    "position_delta": [
      36.04339827139527,
      8.939757378811919e-09
    ],
    "total_divergence": 36.04339827139527,
    "speed_ratio": 60156710.72627423
  },
  "drift_magnitude": 36.043397847856596,
  "verdict": "CASE_C_SUSTAINED_DRIFT"
}