{
  "star": "Spica_A",
  "spectral_type": "B1 III-IV",
  "bcm_class": "Class IV -- High-Energy Coupled",
  "pump_type": "iron_opacity_z_layer",
  "m_observed": 0,
  "m_predicted_H": 12,
  "m_rossby": 8.854,
  "match_hamiltonian": "N/A",
  "match_rossby": "N/A",
  "J_ind_SI": 50000000.0,
  "L_rossby_m": 557612860.1665646,
  "v_A_ms": 282.09,
  "cos_delta_phi": 1.0,
  "decoupling_ratio": 1000000.0,
  "lambda_stellar": null,
  "lambda_ratio": null,
  "lambda_galactic": 0.1,
  "lambda_planetary": 0.082,
  "observable": "Beta Cephei variable. Primary of Spica binary (P_orb=4.014d, e=0.13).",
  "notes": "Massive B-type star. No traditional tachocline -- substrate pump driven by iron opacity Z-layer instability. Binary bridge target.",
  "H_alfven": {
    "1": 24492294200.0529,
    "2": 6101019507.0069,
    "3": 2701780112.3273,
    "4": 1514257696.8004,
    "5": 965615377.6644,
    "6": 668133469.1488,
    "7": 489089479.4295,
    "8": 373095675.7763,
    "9": 293716310.6452,
    "10": 237040782.2978,
    "11": 195184251.6714,
    "12": 163407429.3725
  },
  "energies": {
    "1": 0.212383,
    "2": 0.28788,
    "3": 0.029112,
    "4": 0.31568,
    "5": 0.372825,
    "6": 0.277688,
    "7": 0.157521,
    "8": 0.073295,
    "9": 0.029124,
    "10": 0.010138,
    "11": 0.003148,
    "12": 0.000883
  }
}