{
  "star": "Sun",
  "spectral_type": "G2V",
  "bcm_class": "Class I -- Stable Coupled",
  "pump_type": "tachocline_dynamo",
  "m_observed": 4,
  "m_predicted_H": 4,
  "m_rossby": 1.539,
  "match_hamiltonian": true,
  "match_rossby": false,
  "J_ind_SI": 16800000.0,
  "L_rossby_m": 322288001.7420526,
  "v_A_ms": 353.24,
  "cos_delta_phi": 1.0,
  "decoupling_ratio": 1679999.9998,
  "lambda_stellar": 0.2,
  "lambda_ratio": 2.0,
  "lambda_galactic": 0.1,
  "lambda_planetary": 0.082,
  "observable": "4-sector solar wind pattern, Hale cycle m=2 magnetic",
  "notes": "Control star. 4-sector solar wind = m=4 substrate mode.",
  "H_alfven": {
    "1": 1140757.2488,
    "2": 127743.2761,
    "3": 14527.1012,
    "4": 4.3542,
    "5": 4758.015,
    "6": 13538.501,
    "7": 22558.707,
    "8": 30826.9094,
    "9": 38148.4286,
    "10": 44566.7818,
    "11": 50189.1619,
    "12": 55129.5413
  },
  "energies": {
    "1": 0.212383,
    "2": 0.28788,
    "3": 0.029112,
    "4": 0.31568,
    "5": 0.372825,
    "6": 0.277688,
    "7": 0.157521,
    "8": 0.073295,
    "9": 0.029124,
    "10": 0.010138,
    "11": 0.003148,
    "12": 0.000883
  }
}