{
  "test": "null_pump_j0",
  "version": "v23",
  "grid": 128,
  "question": "Does removing SMBH injection (J=0) collapse the substrate field and degrade rotation fits?",
  "galaxies_tested": 5,
  "pump_essential": 5,
  "field_collapsed": 5,
  "fit_degraded": 5,
  "lambda": 0.1,
  "kappa_BH": 2.0,
  "elapsed_total": 1119.578622341156,
  "timestamp": "20260414_221625",
  "results": [
    {
      "galaxy": "NGC6946",
      "v_max": 181.0,
      "grid": 128,
      "normal": {
        "sigma_max": 4651341.499836448,
        "rho_max": 55427.430691745976,
        "psi_max": 1541780832238.1445,
        "rms_newton": 27.29685221130175,
        "rms_substrate": 34.480612981773895,
        "rms_mond": 100.13704300685637,
        "winner": "NEWTON",
        "sub_vs_newton": -7.183760770472144,
        "corr_full": 0.988019857354631,
        "cos_delta_phi": 0.999999998641,
        "elapsed": 152.04609155654907
      },
      "null_j0": {
        "sigma_max": 0.0,
        "rho_max": 0.0,
        "psi_max": 0.0,
        "rms_newton": 27.29685221130175,
        "rms_substrate": 163.94411369059003,
        "rms_mond": 100.13704300685637,
        "winner": "NEWTON",
        "sub_vs_newton": -136.6472614792883,
        "corr_full": 0.0,
        "cos_delta_phi": 1.0,
        "elapsed": 84.74913120269775
      },
      "sigma_ratio": 0.0,
      "rms_change": 129.46350070881613,
      "field_collapsed": true,
      "fit_degraded": true,
      "pump_essential": true
    },
    {
      "galaxy": "NGC7331",
      "v_max": 257.0,
      "grid": 128,
      "normal": {
        "sigma_max": 4412193.103183822,
        "rho_max": 52517.453872005644,
        "psi_max": 3845938068274.8296,
        "rms_newton": 70.71859232887839,
        "rms_substrate": 54.46254207851565,
        "rms_mond": 142.16028691006855,
        "winner": "SUBSTRATE",
        "sub_vs_newton": 16.256050250362733,
        "corr_full": 0.9895795361867007,
        "cos_delta_phi": 0.9999999983574477,
        "elapsed": 115.40652585029602
      },
      "null_j0": {
        "sigma_max": 0.0,
        "rho_max": 0.0,
        "psi_max": 0.0,
        "rms_newton": 70.71859232887839,
        "rms_substrate": 241.99672862802643,
        "rms_mond": 142.16028691006855,
        "winner": "NEWTON",
        "sub_vs_newton": -171.27813629914806,
        "corr_full": 0.0,
        "cos_delta_phi": 1.0,
        "elapsed": 130.8543541431427
      },
      "sigma_ratio": 0.0,
      "rms_change": 187.53418654951076,
      "field_collapsed": true,
      "fit_degraded": true,
      "pump_essential": true
    },
    {
      "galaxy": "NGC3521",
      "v_max": 220.0,
      "grid": 128,
      "normal": {
        "sigma_max": 5360207.0924263885,
        "rho_max": 63741.88501961079,
        "psi_max": 5320910519028.42,
        "rms_newton": 52.51577662137675,
        "rms_substrate": 72.66790028275909,
        "rms_mond": 78.03113871399857,
        "winner": "NEWTON",
        "sub_vs_newton": -20.15212366138234,
        "corr_full": 0.9901824937476548,
        "cos_delta_phi": 0.9999999991977402,
        "elapsed": 106.5965805053711
      },
      "null_j0": {
        "sigma_max": 0.0,
        "rho_max": 0.0,
        "psi_max": 0.0,
        "rms_newton": 52.51577662137675,
        "rms_substrate": 208.03957175170822,
        "rms_mond": 78.03113871399857,
        "winner": "NEWTON",
        "sub_vs_newton": -155.52379513033148,
        "corr_full": 0.0,
        "cos_delta_phi": 1.0,
        "elapsed": 119.33151888847351
      },
      "sigma_ratio": 0.0,
      "rms_change": 135.37167146894913,
      "field_collapsed": true,
      "fit_degraded": true,
      "pump_essential": true
    },
    {
      "galaxy": "NGC3953",
      "v_max": 224.0,
      "grid": 128,
      "normal": {
        "sigma_max": 1581258.2820481893,
        "rho_max": 18688.860258189627,
        "psi_max": 1669717979446.567,
        "rms_newton": 18.26639069797791,
        "rms_substrate": 54.2800601667632,
        "rms_mond": 85.70990747674313,
        "winner": "NEWTON",
        "sub_vs_newton": -36.01366946878529,
        "corr_full": 0.9960701364304507,
        "cos_delta_phi": 0.9999999943021582,
        "elapsed": 82.78834295272827
      },
      "null_j0": {
        "sigma_max": 0.0,
        "rho_max": 0.0,
        "psi_max": 0.0,
        "rms_newton": 18.26639069797791,
        "rms_substrate": 214.08555532777078,
        "rms_mond": 85.70990747674313,
        "winner": "NEWTON",
        "sub_vs_newton": -195.81916462979285,
        "corr_full": 0.0,
        "cos_delta_phi": 1.0,
        "elapsed": 114.80008864402771
      },
      "sigma_ratio": 0.0,
      "rms_change": 159.80549516100757,
      "field_collapsed": true,
      "fit_degraded": true,
      "pump_essential": true
    },
    {
      "galaxy": "NGC0891",
      "v_max": 234.0,
      "grid": 128,
      "normal": {
        "sigma_max": 7806411.2711277995,
        "rho_max": 92783.78228919907,
        "psi_max": 13504956518038.81,
        "rms_newton": 69.84503892878418,
        "rms_substrate": 70.02070088377617,
        "rms_mond": 112.71381855101775,
        "winner": "TIE",
        "sub_vs_newton": -0.17566195499199466,
        "corr_full": 0.9900977632281518,
        "cos_delta_phi": 0.9999999990867592,
        "elapsed": 127.6573965549469
      },
      "null_j0": {
        "sigma_max": 0.0,
        "rho_max": 0.0,
        "psi_max": 0.0,
        "rms_newton": 69.84503892878418,
        "rms_substrate": 219.63960379575346,
        "rms_mond": 112.71381855101775,
        "winner": "NEWTON",
        "sub_vs_newton": -149.79456486696927,
        "corr_full": 0.0,
        "cos_delta_phi": 1.0,
        "elapsed": 85.00502324104309
      },
      "sigma_ratio": 0.0,
      "rms_change": 149.61890291197727,
      "field_collapsed": true,
      "fit_degraded": true,
      "pump_essential": true
    }
  ]
}