{
  "engine": "BCM_v23_neutrino_flux",
  "version": "v23.0",
  "timestamp": "2026-04-14 06:37:38",
  "elapsed_s": 0.01442575454711914,
  "author": "Stephen Justin Burdick Sr.",
  "entity": "Emerald Entities LLC \u2014 GIBUSH Systems",
  "config": {
    "lambda": 0.1,
    "kappa": 2.0,
    "E_nu_GeV": 10.0,
    "H_disk_kpc": 0.3,
    "grid_source": 256,
    "chi2_source": "BCM_chi2_engine_20260413_170327.json",
    "icecube_sens_tev": 1e-12,
    "icecube_sens_gev": 1e-11,
    "km3net_sens": 5e-13
  },
  "n_galaxies": 29,
  "summary": {
    "L_nu_min": 0.0,
    "L_nu_max": 5.906673714845971e+64,
    "L_nu_mean": 3.779237540667433e+63,
    "detect_icecube_tev": 28,
    "detect_icecube_gev": 28,
    "detect_km3net": 28,
    "nu_b_massive_mean": 2.212930602771353e+34,
    "nu_b_massive_std": 2.8214085966091665e+34,
    "nu_b_massive_cv_pct": 127.49647879042338
  },
  "galaxies": [
    {
      "galaxy": "DDO154",
      "D_mpc": 3.7,
      "v_max_kms": 48.2,
      "n_points": 12,
      "M_bh_solar": 109809.07163159577,
      "mbh_source": "estimated",
      "chi2_bcm": 2.9889106258097886,
      "winner": "BCM",
      "E_sub_erg": 6.514219667733754e+76,
      "t_replenish_s": 3.789905394190871e+16,
      "t_replenish_Myr": 1200857222.493939,
      "L_nu_erg_s": 1.7188343745252016e+60,
      "L_nu_Lsun": 4.469148139691112e+26,
      "L_nu_L_edd": 1.242296510868305e+17,
      "flux_gev_cm2_s": 654941171227.1788,
      "N_dot_cm2_s": 65494117122.71788,
      "detect_icecube_tev": 