{
  "title": "BCM v18 Frastrate Diagnostic",
  "author": "Stephen Justin Burdick Sr. -- Emerald Entities LLC",
  "purpose": "Fractal dimension measurement of chi boundary to test Frastrate hypothesis",
  "grid": 256,
  "steps": 3000,
  "sample_interval": 50,
  "fractal_analysis": {
    "d_f_mean": 0.7371457627118644,
    "d_f_std": 0.024364167368020495,
    "d_f_min": 0.7052,
    "d_f_max": 0.8276,
    "d_f_early": 0.7413,
    "d_f_late": 0.7331,
    "d_f_trend": "STABLE",
    "frastrate_class": "FLAT"
  },
  "correlations": {
    "d_f_vs_discharge": -0.0159,
    "d_f_vs_boundary_count": 0.5588
  },
  "timeseries": {
    "steps": [
      50,
      100,
      150,
      200,
      250,
      300,
      350,
      400,
      450,
      500,
      550,
      600,
      650,
      700,
      750,
      800,
      850,
      900,
      950,
      1000,
      1050,
      1100,
      1150,
      1200,
      1250,
      1300,
      1350,
      1400,
      1450,
      1500,
      1550,
      1600,
      1650,
      1700,
      1750,
      1800,
      1850,
      1900,
      1950,
      2000,
      2050,
      2100,
      2150,
      2200,
      2250,
      2300,
      2350,
      2400,
      2450,
      2500,
      2550,
      2600,
      2650,
      2700,
      2750,
      2800,
      2850,
      2900,
      2950
    ],
    "d_f": [
      0.8243,
      0.8276,
      0.8056,
      0.8202,
      0.7245,
      0.7163,
      0.7052,
      0.71,
      0.7225,
      0.7259,
      0.7267,
      0.7111,
      0.7292,
      0.7204,
      0.718,
      0.7375,
      0.7375,
      0.7259,
      0.7381,
      0.7381,
      0.7446,
      0.729,
      0.7261,
      0.7305,
      0.7372,
      0.7478,
      0.7454,
      0.7312,
      0.7414,
      0.73,
      0.7367,
      0.7407,
      0.7249,
      0.7147,
      0.7215,
      0.7102,
      0.7146,
      0.728,
      0.7354,
      0.7375,
      0.7367,
      0.7334,
      0.7259,
      0.7487,
      0.7454,
      0.7334,
      0.7334,
      0.7322,
      0.7339,
      0.7414,
      0.7339,
      0.7305,
      0.7372,
      0.7404,
      0.7381,
      0.7381,
      0.7414,
      0.7414,
      0.7342
    ],
    "bruce_energy": [
      0.8976,
      1.43084,
      2.188741,
      1.176564,
      1.437668,
      2.18497,
      1.67084,
      2.182685,
      2.132797,
      1.504656,
      1.965447,
      1.289875,
      1.64432,
      1.239053,
      2.471593,
      1.656758,
      2.701076,
      2.377176,
      2.069882,
      2.076854,
      1.259938,
      2.435764,
      1.783302,
      1.6578,
      2.142208,
      1.49891,
      2.13478,
      1.736147,
      2.03479,
      1.635977,
      2.131854,
      1.699202,
      1.687704,
      2.772132,
      2.637126,
      1.558227,
      1.824773,
      2.246949,
      1.358181,
      1.577323,
      1.436585,
      1.708382,
      1.57239,
      1.406723,
      2.347253,
      1.976225,
      2.361712,
      2.073561,
      1.523225,
      1.957092,
      1.570824,
      1.696225,
      1.714542,
      1.645722,
      2.073082,
      2.183447,
      2.222896,
      1.854526,
      1.356499
    ],
    "chi_total": [
      117.1191,
      214.8829,
      308.59,
      396.4952,
      480.9841,
      559.3109,
      634.8683,
      706.3514,
      774.4518,
      838.1743,
      900.6686,
      957.0681,
      1014.9093,
      1066.5993,
      1117.4238,
      1164.6037,
      1210.9301,
      1253.6896,
      1295.4316,
      1335.0603,
      1371.3084,
      1405.5373,
      1439.877,
      1470.6919,
      1501.6592,
      1530.1032,
      1559.1288,
      1584.3535,
      1610.6836,
      1631.036,
      1654.8932,
      1675.2078,
      1696.9306,
      1716.1825,
      1734.7413,
      1752.0864,
      1769.6787,
      1785.2353,
      1799.9138,
      1812.9,
      1828.8991,
      1840.9453,
      1852.2085,
      1863.434,
      1875.0759,
      1884.396,
      1895.7809,
      1905.8713,
      1914.8903,
      1924.5797,
      1933.8538,
      1940.1423,
      1948.8184,
      1955.2193,
      1962.1671,
      1966.8854,
      1973.9992,
      1979.9696,
      1985.9776
    ],
    "boundary_pixels": [
      80,
      85,
      81,
      82,
      79,
      78,
      77,
      78,
      78,
      76,
      76,
      78,
      78,
      79,
      75,
      77,
      78,
      80,
      79,
      80,
      79,
      80,
      76,
      78,
      79,
      77,
      79,
      76,
      80,
      76,
      78,
      77,
      78,
      80,
      80,
      78,
      76,
      81,
      79,
      77,
      79,
      79,
      79,
      81,
      77,
      80,
      77,
      77,
      77,
      77,
      78,
      76,
      76,
      81,
      79,
      78,
      80,
      81,
      78
    ],
    "discharge_rate": [
      0.0,
      -0.53324083,
      -0.75790082,
      1.01217714,
      -0.26110401,
      -0.74730147,
      0.51412958,
      -0.51184535,
      0.04988792,
      0.62814123,
      -0.46079099,
      0.67557267,
      -0.35444527,
      0.4052663,
      -1.2325399,
      0.81483569,
      -1.04431852,
      0.32390035,
      0.307294,
      -0.00697252,
      0.81691673,
      -1.17582641,
      0.65246257,
      0.12550146,
      -0.48440845,
      0.64329823,
      -0.63586967,
      0.39863253,
      -0.29864305,
      0.39881381,
      -0.4958776,
      0.43265261,
      0.01149721,
      -1.08442716,
      0.13500589,
      1.07889826,
      -0.26654591,
      -0.42217541,
      0.88876806,
      -0.21914193,
      0.14073734,
      -0.27179694,
      0.13599271,
      0.16566675,
      -0.94053066,
      0.37102879,
      -0.38548725,
      0.28815124,
      0.55033585,
      -0.43386769,
      0.38626856,
      -0.12540139,
      -0.01831634,
      0.06881989,
      -0.42736013,
      -0.11036463,
      -0.039449,
      0.36836978,
      0.49802697
    ]
  }
}