{
  "star": "HR_1099",
  "spectral_type": "K1IV",
  "bcm_class": "Class VI -- Bar Channeled",
  "pump_type": "tidal_bar_rs_cvn",
  "m_observed": 2,
  "m_predicted_H": 12,
  "m_rossby": 2.686,
  "match_hamiltonian": false,
  "match_rossby": false,
  "J_ind_SI": 66000000.0,
  "L_rossby_m": 125856334.86248128,
  "v_A_ms": 664.9,
  "cos_delta_phi": 1.0,
  "decoupling_ratio": 5999999.9995,
  "lambda_stellar": 0.02,
  "lambda_ratio": 0.19999999999999998,
  "lambda_galactic": 0.1,
  "lambda_planetary": 0.082,
  "observable": "Persistent two active longitude structure -- RS CVn",
  "notes": "RS CVn binary. Tidal forcing = bar-channeling analog. Two persistent active longitudes = m=2 substrate pipe.",
  "H_alfven": {
    "1": 63840813.691,
    "2": 13414422.1574,
    "3": 4928750.8551,
    "4": 2246501.3057,
    "5": 1136539.1286,
    "6": 604642.4907,
    "7": 326632.1479,
    "8": 173859.6087,
    "9": 88064.7999,
    "10": 40236.7675,
    "11": 14861.974,
    "12": 3174.4102
  },
  "energies": {
    "1": 0.212383,
    "2": 0.28788,
    "3": 0.029112,
    "4": 0.31568,
    "5": 0.372825,
    "6": 0.277688,
    "7": 0.157521,
    "8": 0.073295,
    "9": 0.029124,
    "10": 0.010138,
    "11": 0.003148,
    "12": 0.000883
  }
}