{
  "test": "einstein_coupling",
  "version": "v23",
  "grid": 128,
  "mode": "quick",
  "galaxies_tested": 5,
  "newtonian_limit_pass": 4,
  "conservation_pass": 5,
  "lambda": 0.1,
  "kappa_BH": 2.0,
  "elapsed_total": 495.11403918266296,
  "timestamp": "20260414_161919",
  "results": [
    {
      "galaxy": "NGC2841",
      "v_max": 323.0,
      "n_points": 50,
      "grid": 128,
      "elapsed": 103.73836612701416,
      "rms_newton": 87.87483219228517,
      "rms_substrate": 87.98753209663863,
      "winner": "TIE",
      "sub_vs_newton": -0.11269990435346244,
      "action_density_Jm": -2.3341070570388653e+84,
      "T_00_mean_Jm3": 3.5917072572171954e-05,
      "T_00_max_Jm3": 0.00021207841740273397,
      "w_eos_mean": 4.7183386401992516e-08,
      "rms_einstein": 31.377168485678926,
      "improvement_vs_newton": 56.49766370660625,
      "newtonian_limit_holds": true,
      "M_sub_Msun": 1257663479116.7324,
      "theta_E_arcsec": 64.01317425814861,
      "theta_E_baryon_arcsec": 63.22823652512104,
      "lensing_excess_ratio": 1.012414354348088,
      "alpha_max_arcsec": 0.7922843383384143,
      "M_lens_Msun": 1257663479116.7324,
      "distance_Mpc": 5.0,
      "conservation_norm": 3.96876566112795e-21,
      "conservation_holds": true,
      "corr_full": 0.9894859335352467,
      "cos_delta_phi": 0.9999999967499028
    },
    {
      "galaxy": "NGC7331",
      "v_max": 257.0,
      "n_points": 36,
      "grid": 128,
      "elapsed": 98.16824293136597,
      "rms_newton": 70.71859232887839,
      "rms_substrate": 54.46254207851565,
      "winner": "SUBSTRATE",
      "sub_vs_newton": 16.256050250362733,
      "action_density_Jm": -4.603488655850441e+82,
      "T_00_mean_Jm3": 0.0002221864509139439,
      "T_00_max_Jm3": 0.0027600946054753693,
      "w_eos_mean": -1.1147733500577823e-07,
      "rms_einstein": 68.09592608991832,
      "improvement_vs_newton": 2.622666238960065,
      "newtonian_limit_holds": true,
      "M_sub_Msun": 268478248480.70502,
      "theta_E_arcsec": 29.57615348911211,
      "theta_E_baryon_arcsec": 39.4678598634256,
      "lensing_excess_ratio": 0.7493731251569579,
      "alpha_max_arcsec": 1.2087854963951337,
      "M_lens_Msun": 268478248480.70502,
      "distance_Mpc": 5.0,
      "conservation_norm": 4.933297553927604e-21,
      "conservation_holds": true,
      "corr_full": 0.9895795361867007,
      "cos_delta_phi": 0.9999999983574477
    },
    {
      "galaxy": "NGC6503",
      "v_max": 121.0,
      "n_points": 31,
      "grid": 128,
      "elapsed": 98.02599811553955,
      "rms_newton": 41.67287570412551,
      "rms_substrate": 21.283809028415078,
      "winner": "SUBSTRATE",
      "sub_vs_newton": 20.38906667571043,
      "action_density_Jm": -1.9615388711998542e+81,
      "T_00_mean_Jm3": 0.00020690402342862297,
      "T_00_max_Jm3": 0.004463115050531963,
      "w_eos_mean": 1.687737531621835e-08,
      "rms_einstein": 9.084515435306523,
      "improvement_vs_newton": 32.58836026881899,
      "newtonian_limit_holds": true,
      "M_sub_Msun": 62310186529.65473,
      "theta_E_arcsec": 14.24841855021584,
      "theta_E_baryon_arcsec": 15.3421161910423,
      "lensing_excess_ratio": 0.9287127259885419,
      "alpha_max_arcsec": 0.15571589009824724,
      "M_lens_Msun": 62310186529.65473,
      "distance_Mpc": 5.0,
      "conservation_norm": 1.5442086878821764e-20,
      "conservation_holds": true,
      "corr_full": 0.9902403288792138,
      "cos_delta_phi": 0.999999997320502
    },
    {
      "galaxy": "NGC3953",
      "v_max": 224.0,
      "n_points": 8,
      "grid": 128,
      "elapsed": 97.79306268692017,
      "rms_newton": 18.26639069797791,
      "rms_substrate": 54.2800601667632,
      "winner": "NEWTON",
      "sub_vs_newton": -36.01366946878529,
      "action_density_Jm": -2.5306133245365586e+81,
      "T_00_mean_Jm3": 7.420744954561605e-05,
      "T_00_max_Jm3": 0.0002688962000233495,
      "w_eos_mean": -8.523159314382398e-08,
      "rms_einstein": 18.37788641800874,
      "improvement_vs_newton": -0.11149572003082753,
      "newtonian_limit_holds": false,
      "M_sub_Msun": 3330702326.055397,
      "theta_E_arcsec": 3.2942385767371447,
      "theta_E_baryon_arcsec": 24.301405274176524,
      "lensing_excess_ratio": 0.13555753420719713,
      "alpha_max_arcsec": 0.3050630116159601,
      "M_lens_Msun": 3330702326.055397,
      "distance_Mpc": 5.0,
      "conservation_norm": 6.879696269600402e-21,
      "conservation_holds": true,
      "corr_full": 0.9960701364304507,
      "cos_delta_phi": 0.9999999943021582
    },
    {
      "galaxy": "UGC04305",
      "v_max": 37.3,
      "n_points": 22,
      "grid": 128,
      "elapsed": 97.38430738449097,
      "rms_newton": 4.955072428351265,
      "rms_substrate": 11.70857653418239,
      "winner": "NEWTON",
      "sub_vs_newton": -6.753504105831125,
      "action_density_Jm": -8.503705620140402e+76,
      "T_00_mean_Jm3": 6.602326243527157e-05,
      "T_00_max_Jm3": 0.0005660916961967758,
      "w_eos_mean": -2.0965538157723244e-09,
      "rms_einstein": 4.955072428351265,
      "improvement_vs_newton": 0.0,
      "newtonian_limit_holds": true,
      "M_sub_Msun": 92693553.18199755,
      "theta_E_arcsec": 0.5495559363438521,
      "theta_E_baryon_arcsec": 2.2694998131477955,
      "lensing_excess_ratio": 0.24214848274502312,
      "alpha_max_arcsec": 0.008388990546190347,
      "M_lens_Msun": 92693553.18199755,
      "distance_Mpc": 5.0,
      "conservation_norm": 5.683821733079645e-20,
      "conservation_holds": true,
      "corr_full": 0.998909296260141,
      "cos_delta_phi": 0.999999988731143
    }
  ]
}