{
  "star": "Sun",
  "spectral_type": "G2V",
  "bcm_class": "Class I -- Stable Coupled",
  "pump_type": "tachocline_dynamo",
  "m_observed": 4,
  "m_predicted_H": 4,
  "m_rossby": 1.539,
  "match_hamiltonian": true,
  "match_rossby": false,
  "J_ind_SI": 300000.0,
  "L_rossby_m": 322288001.7420526,
  "cos_delta_phi": 1.0,
  "decoupling_ratio": 30000.0,
  "lambda_stellar": null,
  "lambda_ratio": null,
  "lambda_galactic": 0.1,
  "lambda_planetary": 0.082,
  "observable": "4-sector solar wind pattern, Hale cycle m=2 magnetic",
  "notes": "Control star. 4-sector solar wind = m=4 substrate mode.",
  "c_s_stellar": 355.33,
  "H_energies": {
    "1": 1136304.1935,
    "2": 126256.0215,
    "3": 14028.4468,
    "4": 0.0,
    "5": 5050.2409,
    "6": 14028.4468,
    "7": 23189.8815,
    "8": 31564.0054,
    "9": 38967.9079,
    "10": 45452.1677,
    "11": 51128.4715,
    "12": 56113.7873
  },
  "bessel_diag": {
    "1": 0.212383,
    "2": 0.28788,
    "3": 0.029112,
    "4": 0.31568,
    "5": 0.372825,
    "6": 0.277688,
    "7": 0.157521,
    "8": 0.073295,
    "9": 0.029124,
    "10": 0.010138,
    "11": 0.003148,
    "12": 0.000883
  }
}