{
  "achieved": false,
  "validation_rate": 0.2,
  "avg_confidence": 0.3333333333333333,
  "avg_resonance": 0.5134436541431312,
  "timestamp": "2026-01-31T11:51:32.937762"
}